letter,position,percent1,delta,x,y
a,6,0.06,0.04,2,1
z,6,0.302325581,0.139534884,7,2
z,2,0.279069767,0.023255814,4,6
